Workbook

Sheet Лист 1
A1: Максимальный показатель | B1: Сумма
A2: 0 | B2: =2^A2 -> 1
A3: 1 | B3: =B2+2^A3 -> 3
A4: 2 | B4: =B3+2^A4 -> 7
A5: 3 | B5: =B4+2^A5 -> 15
A6: 4 | B6: =B5+2^A6 -> 31
A7: 5 | B7: =B6+2^A7 -> 63
A8: 6 | B8: =B7+2^A8 -> 127
A9: 7 | B9: =B8+2^A9 -> 255
A10: 8 | B10: =B9+2^A10 -> 511
A11: 9 | B11: =B10+2^A11 -> 1023
A12: 10 | B12: =B11+2^A12 -> 2047
A13: 11 | B13: =B12+2^A13 -> 4095
A14: 12 | B14: =B13+2^A14 -> 8191
... A25: 23 | B25: =B24+2^A25 -> 16777215

Sheet Лист 2
A1: Максимальный показатель | B1: Сумма
A2: 0 | B2: =3^A2 -> 1
A3: 1 | B3: =B2+3^A3 -> 4
A4: 2 | B4: =B3+3^A4 -> 13
A5: 3 | B5: =B4+3^A5 -> 40
A6: 4 | B6: =B5+3^A6 -> 121
A7: 5 | B7: =B6+3^A7 -> 364
A8: 6 | B8: =B7+3^A8 -> 1093
A9: 7 | B9: =B8+3^A9 -> 3280
A10: 8 | B10: =B9+3^A10 -> 9841
A11: 9 | B11: =B10+3^A11 -> 29524
A12: 10 | B12: =B11+3^A12 -> 88573
A13: 11 | B13: =B12+3^A13 -> 265720
A14: 12 | B14: =B13+3^A14 -> 797161
... A25: 23 | B25: =B24+3^A25 -> 141214768240

Sheet Лист 3
A1: Максимальный показатель | B1: Сумма для 2 | C1: Сумма для 3
A2: 0 | B2: =VLOOKUP(A2,'Лист 1'!$A$1:$B$25,2,1) -> 1 | C2: =VLOOKUP(A2,'Лист 2'!$A$1:$B$25,2,1) -> 1
A3: 1 | B3: =VLOOKUP(A3,'Лист 1'!$A$1:$B$25,2,1) -> 3 | C3: =VLOOKUP(A3,'Лист 2'!$A$1:$B$25,2,1) -> 4
A4: 2 | B4: =VLOOKUP(A4,'Лист 1'!$A$1:$B$25,2,1) -> 7 | C4: =VLOOKUP(A4,'Лист 2'!$A$1:$B$25,2,1) -> 13
A5: 3 | B5: =VLOOKUP(A5,'Лист 1'!$A$1:$B$25,2,1) -> 15 | C5: =VLOOKUP(A5,'Лист 2'!$A$1:$B$25,2,1) -> 40
A6: 4 | B6: =VLOOKUP(A6,'Лист 1'!$A$1:$B$25,2,1) -> 31 | C6: =VLOOKUP(A6,'Лист 2'!$A$1:$B$25,2,1) -> 121
A7: 5 | B7: =VLOOKUP(A7,'Лист 1'!$A$1:$B$25,2,1) -> 63 | C7: =VLOOKUP(A7,'Лист 2'!$A$1:$B$25,2,1) -> 364
A8: 6 | B8: =VLOOKUP(A8,'Лист 1'!$A$1:$B$25,2,1) -> 127 | C8: =VLOOKUP(A8,'Лист 2'!$A$1:$B$25,2,1) -> 1093
A9: 7 | B9: =VLOOKUP(A9,'Лист 1'!$A$1:$B$25,2,1) -> 255 | C9: =VLOOKUP(A9,'Лист 2'!$A$1:$B$25,2,1) -> 3280
A10: 8 | B10: =VLOOKUP(A10,'Лист 1'!$A$1:$B$25,2,1) -> 511 | C10: =VLOOKUP(A10,'Лист 2'!$A$1:$B$25,2,1) -> 9841
A11: 9 | B11: =VLOOKUP(A11,'Лист 1'!$A$1:$B$25,2,1) -> 1023 | C11: =VLOOKUP(A11,'Лист 2'!$A$1:$B$25,2,1) -> 29524
A12: 10 | B12: =VLOOKUP(A12,'Лист 1'!$A$1:$B$25,2,1) -> 2047 | C12: =VLOOKUP(A12,'Лист 2'!$A$1:$B$25,2,1) -> 88573
A13: 11 | B13: =VLOOKUP(A13,'Лист 1'!$A$1:$B$25,2,1) -> 4095 | C13: =VLOOKUP(A13,'Лист 2'!$A$1:$B$25,2,1) -> 265720
... A25: 23 | B25: =VLOOKUP(A25,'Лист 1'!$A$1:$B$25,2,1) -> 16777215 | C25: =VLOOKUP(A25,'Лист 2'!$A$1:$B$25,2,1) -> 141214768240

Sheet Лист 4
A1: Статистическая функция | B1: Для A (Лист 3) | C1: Для B (Лист 3) | D1: Для C (Лист 3)
A2: Среднее значение | B2: =AVERAGE('Лист 3'!A2:A25) -> 11.5 | C2: =AVERAGE('Лист 3'!B2:B25) -> 1398100.2 | D2: =AVERAGE('Лист 3'!C2:C25) -> 8.825923e+09
A3: Максимальное значение | B3: =MAX('Лист 3'!A2:A25) -> 23 | C3: =MAX('Лист 3'!B2:B25) -> 16777215 | D3: =MAX('Лист 3'!C2:C25) -> 141214768240
A4: Минимальное значение | B4: =MIN('Лист 3'!A2:A25) -> 0 | C4: =MIN('Лист 3'!B2:B25) -> 1 | D4: =MIN('Лист 3'!C2:C25) -> 1
A5: Медиана | B5: =MEDIAN('Лист 3'!A2:A25) -> 11.5 | C5: =MEDIAN('Лист 3'!B2:B25) -> 6143 | D5: =MEDIAN('Лист 3'!C2:C25) -> 531440.5
A6: Мода | B6: =IFERROR(MODE.SNGL('Лист 3'!A2:A25),"нет") -> нет | C6: =IFERROR(MODE.SNGL('Лист 3'!B2:B25),"нет") -> нет | D6: =IFERROR(MODE.SNGL('Лист 3'!C2:C25),"нет") -> нет
A7: Дисперсия | B7: =_xlfn.VAR.S('Лист 3'!A2:A25) -> 50 | C7: =_xlfn.VAR.S('Лист 3'!B2:B25) -> 1.4277716e+13 | D7: =_xlfn.VAR.S('Лист 3'!C2:C25) -> 8.9412114e+20

Sheet Лист 5
B1: 2021 | C1: 2022 | D1: 2023 | E1: 2024 | F1: 2025 | G1: 2026 | H1: 2027
A2: Колледж 1 | B2: 1510000 | C2: 2236476 | D2: 1934765 | E2: 4543534 | F2: 2348887 | G2: 1170004 | H2: 2344598
A3: Колледж 2 | B3: 237800 | C3: 732647 | D3: 567672 | E3: 234234 | F3: 323217 | G3: 634423 | H3: 235455
A4: Колледж 3 | B4: 3211400 | C4: 4873837 | D4: 3654654 | E4: 3453453 | F4: 5435523 | G4: 4586959 | H4: 8576885
A5: Колледж 4 | B5: 4961201 | C5: 7844962 | D5: 6159094 | E5: 8233225 | F5: 8109432 | G5: 6393392 | H5: 11158945
